12,"t","Cost of Pollination: Released December 21, 2017, by the National Agricultural Statistics Service (NASS), Agricultural Statistics Board, United States Department of Agriculture (USDA)."
12,"t","Paid Pollinated Acres, Price per Acre, Colonies Used, Price per Colony, and"
12,"t","Total Value of Pollination � Region 6 & 7: 2017"
12,"t","[See regional listing on page 11]"
12,"h","","","","","",""
12,"h","","Region 6 & 7","Region 6 & 7","Region 6 & 7","Region 6 & 7","Region 6 & 7"
12,"h","","","","","",""
12,"h","Crop","Paid","Price per","Colonies","Price per","Total value"
12,"h","","pollinated acres","acre","used","colony 2/","of pollination"
12,"h","","","","","",""
12,"u","","(acres)","(dollars)","(colonies)","(dollars)","(1,000 dollars)"
12,"d","Tree nuts",,,,,
12,"d","  Almond",928600,272.0,1480000,171.0,253080
12,"d","",,,,,
12,"d","Tree fruit",,,,,
12,"d","  Apple",7100,46.6,7500,45.3,340
12,"d","  Cherry",25900,147.0,54000,71.3,3850
12,"d","",,,,,
12,"d","Melons",,,,,
12,"d","  Cantaloupe",34400,55.6,43000,44.6,1918
12,"d","  Watermelon",12700,57.9,20000,38.6,772
12,"d","",,,,,
12,"d","Berries",,,,,
12,"d","  Blueberry",2800,188.0,5000,106.0,530
12,"d","  Raspberry",5300,72.0,8500,44.0,374
12,"d","",,,,,
12,"d","Vegetables",,,,,
12,"d","  Cucumber",2250,47.5,3300,40.1,132
12,"d","",,,,,
12,"d","Other crops",,,,,
12,"d","  Alfalfa",24200,107.0,37000,49.3,1824
12,"d","  Sunflower",30600,42.5,35000,37.7,1320
12,"d","",,,,,
12,"d","All other 1/",48400,88.7,172000,50.0,8600
12,"d","",,,,,
12,"d","Total",1122250,239.0,1865300,146.2,272740
12,"c",""
12,"f","1/ Includes crops not categorized above."
12,"f","2/ Regional total price per colony is total value of pollination divided by colonies used."
