11,"t","Cost of Pollination: Released December 21, 2017, by the National Agricultural Statistics Service (NASS), Agricultural Statistics Board, United States Department of Agriculture (USDA)."
11,"t","Paid Pollinated Acres, Price per Acre, Colonies Used, Price per Colony, and"
11,"t","Total Value of Pollination � Region 5: 2017"
11,"t","[See regional listing on page 11]"
11,"h","","","","","",""
11,"h","","Region 5","Region 5","Region 5","Region 5","Region 5"
11,"h","","","","","",""
11,"h","Crop","Paid","Price per","Colonies","Price per","Total value"
11,"h","","pollinated acres","acre","used","colony 2/","of pollination"
11,"h","","","","","",""
11,"u","","(acres)","(dollars)","(colonies)","(dollars)","(1,000 dollars)"
11,"d","Tree fruit",,,,,
11,"d","  Apple",115900,46.3,107000,51.9,5553
11,"d","  Cherry",38600,80.6,60000,52.6,3156
11,"d","  Peach",2050,49.7,2400,46.0,110
11,"d","  Pear",20700,61.9,24000,55.7,1337
11,"d","",,,,,
11,"d","Melons",,,,,
11,"d","  Watermelon",2100,74.7,3400,50.0,170
11,"d","",,,,,
11,"d","Berries",,,,,
11,"d","  Blueberry",14400,105.0,35000,45.1,1579
11,"d","  Cranberry",5800,133.0,10500,75.3,791
11,"d","  Raspberry",6500,42.9,10000,33.4,334
11,"d","",,,,,
11,"d","Other crops",,,,,
11,"d","  Clover",9000,44.8,15500,39.6,614
11,"d","",,,,,
11,"d","All other 1/",30100,98.9,66000,46.7,3082
11,"d","",,,,,
11,"d","Total",245150,65.2,333800,50.1,16726
11,"c",""
11,"f","1/ Includes crops not categorized above."
11,"f","2/ Regional total price per colony is total value of pollination divided by colonies used."
