6,"t","Cost of Pollination: Released December 21, 2017, by the National Agricultural Statistics Service (NASS), Agricultural Statistics Board, United States Department of Agriculture (USDA)."
6,"t","Paid Pollinated Acres, Price per Acre, Colonies Used, Price per Colony, and"
6,"t","Total Value of Pollination � Region 6 & 7: 2016"
6,"t","[See regional listing on page 11]"
6,"h","","","","","",""
6,"h","","Region 6 & 7","Region 6 & 7","Region 6 & 7","Region 6 & 7","Region 6 & 7"
6,"h","","","","","",""
6,"h","Crop","Paid","Price per","Colonies","Price per","Total value"
6,"h","","pollinated acres","acre","used","colony 4/","of pollination"
6,"h","","","","","",""
6,"u","","(acres)","(dollars)","(colonies)","(dollars)","(1,000 dollars)"
6,"d","Tree nuts",,,,,
6,"d","  Almond",921400,287.0,1590000,167.0,265530
6,"d","",,,,,
6,"d","Tree fruit",,,,,
6,"d","  Apple",10400,89.2,20000,47.7,954
6,"d","  Avocado",12800,103.0,69000,40.8,2815
6,"d","  Cherry",29800,127.0,55000,68.6,3773
6,"d","  Plum",29700,89.9,46000,64.4,2962
6,"d","  Other tree fruit 1/",6200,59.0,12800,48.2,617
6,"d","",,,,,
6,"d","Citrus",,,,,
6,"d","  Orange",2700,130.0,11000,103.0,1133
6,"d","",,,,,
6,"d","Other fruit",,,,,
6,"d","  Kiwi",2800,217.0,4800,205.0,984
6,"d","",,,,,
6,"d","Melons",,,,,
6,"d","  Cantaloupe",36900,53.3,40000,49.3,1972
6,"d","  Honeydew",9300,55.8,10000,51.3,513
6,"d","  Watermelon",13000,63.4,21000,38.7,813
6,"d","",,,,,
6,"d","Berries",,,,,
6,"d","  Blueberry",3050,240.0,7500,101.0,758
6,"d","  Cranberry",3300,285.0,13000,71.5,930
6,"d","  Raspberry",5100,220.0,14000,92.3,1292
6,"d","",,,,,
6,"d","Vegetables",,,,,
6,"d","  Cucumber",3750,82.4,11000,28.9,318
6,"d","  Squash",2800,64.4,6500,27.3,177
6,"d","",,,,,
6,"d","Other crops",,,,,
6,"d","  Alfalfa",42700,137.0,92000,63.6,5851
6,"d","  Sunflower",22800,36.8,30000,28.8,864
6,"d","  Misc. crops 2/",11700,14.6,5500,32.1,177
6,"d","",,,,,
6,"d","All other 3/",7900,71.2,28000,42.4,1187
6,"d","",,,,,
6,"d","Total",1178100,246.8,2087100,140.7,293620
6,"c",""
6,"f","1/ Includes other tree fruit."
6,"f","2/ Includes miscellaneous crops."
6,"f","3/ Includes crops not categorized above."
6,"f","4/ Regional total price per colony is total value of pollination divided by colonies used."
