4,"t","Cost of Pollination: Released December 21, 2017, by the National Agricultural Statistics Service (NASS), Agricultural Statistics Board, United States Department of Agriculture (USDA)."
4,"t","Paid Pollinated Acres, Price per Acre, Colonies Used, Price per Colony, and"
4,"t","Total Value of Pollination � Region 4: 2016"
4,"t","[See regional listing on page 11]"
4,"h","","","","","",""
4,"h","","Region 4","Region 4","Region 4","Region 4","Region 4"
4,"h","","","","","",""
4,"h","Crop","Paid","Price per","Colonies","Price per","Total value"
4,"h","","pollinated acres","acre","used","colony 2/","of pollination"
4,"h","","","","","",""
4,"u","","(acres)","(dollars)","(colonies)","(dollars)","(1,000 dollars)"
4,"d","Tree fruit",,,,,
4,"d","  Apple",3000,32.5,3900,45.5,177
4,"d","  Cherry",3100,27.5,3100,34.3,106
4,"d","",,,,,
4,"d","Vegetables",,,,,
4,"d","  Pumpkin",3850,26.7,2500,80.3,201
4,"d","",,,,,
4,"d","All other 1/",3400,71.9,35000,57.9,2027
4,"d","",,,,,
4,"d","Total",13350,40.0,44500,56.4,2511
4,"c",""
4,"f","1/ Includes crops not categorized above."
4,"f","2/ Regional total price per colony is total value of pollination divided by colonies used."
